{
  "PresetList": [
    {
      "AlignAVStart": false,
      "AudioCopyMask": [
        "copy:aac",
        "copy:ac3",
        "copy:dtshd",
        "copy:dts",
        "copy:mp3",
        "copy:truehd",
        "copy:flac",
        "copy:eac3"
      ],
      "AudioEncoderFallback": "ac3",
      "AudioLanguageList": [],
      "AudioList": [
        {
          "AudioBitrate": 128,
          "AudioCompressionLevel": 0.0,
          "AudioEncoder": "av_aac",
          "AudioMixdown": "stereo",
          "AudioNormalizeMixLevel": false,
          "AudioSamplerate": "auto",
          "AudioTrackQualityEnable": false,
          "AudioTrackQuality": -1.0,
          "AudioTrackGainSlider": 0.0,
          "AudioTrackDRCSlider": 0.0
        }
      ],
      "AudioSecondaryEncoderMode": true,
      "AudioTrackSelectionBehavior": "first",
      "ChapterMarkers": false,
      "ChildrenArray": [],
      "Default": false,
      "FileFormat": "av_webm",
      "Folder": false,
      "FolderOpen": false,
      "Mp4HttpOptimize": false,
      "Mp4iPodCompatible": false,
      "PictureAutoCrop": true,
      "PictureBottomCrop": 0,
      "PictureLeftCrop": 0,
      "PictureRightCrop": 0,
      "PictureTopCrop": 0,
      "PictureDARWidth": 512,
      "PictureDeblockPreset": "off",
      "PictureDeblockTune": "medium",
      "PictureDeblockCustom": "strength=strong:thresh=20:blocksize=8",
      "PictureDeinterlaceFilter": "decomb",
      "PictureCombDetectPreset": "default",
      "PictureCombDetectCustom": "",
      "PictureDeinterlacePreset": "default",
      "PictureDeinterlaceCustom": "",
      "PictureDenoiseCustom": "",
      "PictureDenoiseFilter": "off",
      "PictureDenoisePreset": "light",
      "PictureDenoiseTune": "none",
      "PictureSharpenCustom": "",
      "PictureSharpenFilter": "off",
      "PictureSharpenPreset": "medium",
      "PictureSharpenTune": "none",
      "PictureDetelecine": "off",
      "PictureDetelecineCustom": "",
      "PictureItuPAR": false,
      "PictureKeepRatio": true,
      "PictureLooseCrop": false,
      "PictureModulus": 2,
      "PicturePAR": "auto",
      "PicturePARWidth": 3452,
      "PicturePARHeight": 4369,
      "PictureWidth": 0,
      "PictureHeight": 0,
      "PictureForceHeight": 0,
      "PictureForceWidth": 0,
      "PresetName": "Tachiyomi HandBrake Profile",
      "Type": 1,
      "UsesPictureFilters": true,
      "UsesPictureSettings": 0,
      "SubtitleAddCC": false,
      "SubtitleAddForeignAudioSearch": true,
      "SubtitleAddForeignAudioSubtitle": false,
      "SubtitleBurnBehavior": "foreign",
      "SubtitleBurnBDSub": false,
      "SubtitleBurnDVDSub": false,
      "SubtitleLanguageList": [],
      "SubtitleTrackSelectionBehavior": "none",
      "VideoAvgBitrate": 0,
      "VideoColorMatrixCode": 0,
      "VideoEncoder": "VP9",
      "VideoFramerate": "24",
      "VideoFramerateMode": "pfr",
      "VideoGrayScale": false,
      "VideoScaler": "swscale",
      "VideoPreset": "medium",
      "VideoTune": "",
      "VideoLevel": "auto",
      "VideoOptionExtra": "",
      "VideoQualityType": 2,
      "VideoQualitySlider": 21.0,
      "VideoQSVDecode": false,
      "VideoQSVAsyncDepth": 4,
      "VideoTwoPass": true,
      "VideoTurboTwoPass": false,
      "x264UseAdvancedOptions": false
    }
  ],
  "VersionMajor": 42,
  "VersionMicro": 0,
  "VersionMinor": 0
}